{"cameraMode":{"drawMode":0,"name":"Shaded","section":"Shading Mode"},"sceneLighting":true,"audioPlay":false,"sceneViewState":{"m_AlwaysRefresh":false,"showFog":true,"showSkybox":true,"showFlares":true,"showImageEffects":true,"showParticleSystems":true,"showVisualEffectGraphs":true,"m_FxEnabled":true},"in2DMode":false,"pivot":{"x":-8.543290138244629,"y":11.579904556274414,"z":12.151286125183106},"rotation":{"x":-0.08055869489908219,"y":0.2660987675189972,"z":0.022319648414850236,"w":0.9603245854377747},"size":14.76959228515625,"orthographic":false}